{
    "humidity": 23.268531799316406,
    "temperature": 41.94333267211914,
    "pressure": 1.003642578125,
    "raspSn": "1000000012e4e48d",
    "id": 2,
    "accelerometer": {
      "x": 0.13770928978919983, 
      "y": 0.006312606856226921,
      "z": 0.973325252532959  
    }
}