{
    "id": "Detection:a4787691",
    "type": "Detection",
    "license": "University of the West of Scotland (UWS) - Beyond 5G Hub. All Copyrights Reserved.",
    "VNF": "AI-Intruder",
    "frame_ID": 148,
    "timestamp_received": 1707839655316,
    "timestamp_sent": 1707839655419,
    "inference": 103,
    "detections": [
      {
        "x_centre": 498.0199279785156,
        "y_centre": 350.761474609375,
        "width": 607.8480224609375,
        "height": 628.57470703125,
        "confidence": 0.9927608966827393,
        "class": 0
      }
    ]
}