{
  "id": "mega_rover_01",
  "type": "mega_rover",
  "time": "2019-06-07T08:39:40.064+09:00",
  "mode": "navi",
  "errors": [],
  "pose": {
    "point3D": { "x": 3.402, "y": 1.015, "z": -0.002 },
    "orientation3D": { "roll": -0.001, "pitch": 0.012, "yaw": 1.581 }
  },
  "destination": {
    "point3D": { "x": 3.411, "y": 2.81, "z": 0.0 },
    "orientation3D": { "roll": 0.0, "pitch": 0.0, "yaw": 1.571 }
  },
  "accuracy": {
    "covariance": [
      0.1,
      0.0,
      0.0,
      0.0,
      0.0,
      0.0,
      0.0,
      0.1,
      0.0,
      0.0,
      0.0,
      0.0,
      0.0,
      0.0,
      1.7976931348623157e308,
      0.0,
      0.0,
      0.0,
      0.0,
      0.0,
      0.0,
      1.7976931348623157e308,
      0.0,
      0.0,
      0.0,
      0.0,
      0.0,
      0.0,
      1.7976931348623157e308,
      0.0,
      0.0,
      0.0,
      0.0,
      0.0,
      0.0,
      0.05
    ]
  },
  "battery": {
    "voltage": 11.495,
    "current": 0.23
  }
}
