{
  "id": "mega_rover_01",
  "type": "mega_rover",
  "time": "2019-06-07T08:39:40.064+09:00",
  "mode": "navi",
  "errors": [],
  "pose": {
    "point2D": { "x": 3.402, "y": 1.015 },
    "orientation2D": { "theta": 0.0 }
  },
  "destination": {
    "point2D": { "x": 3.411, "y": 2.81 },
    "orientation2D": { "theta": 0.0 }
  },
  "accuracy": {
    "covariance": [
      0.1,
      0.0,
      0.0,
      0.0,
      0.0,
      0.0,
      0.0,
      0.1,
      0.0,
      0.0,
      0.0,
      0.0,
      0.0,
      0.0,
      1.7976931348623157e308,
      0.0,
      0.0,
      0.0,
      0.0,
      0.0,
      0.0,
      1.7976931348623157e308,
      0.0,
      0.0,
      0.0,
      0.0,
      0.0,
      0.0,
      1.7976931348623157e308,
      0.0,
      0.0,
      0.0,
      0.0,
      0.0,
      0.0,
      0.05
    ]
  },
  "battery": {
    "remainingPercentage": 75.4
  }
}
