{
    "TimeStamp": "2024-02-19T16:57:52.095",
    "index": 1000,
    "data": {
      "ch 1": {
        "value": 2.1967821339785587E-6,
        "Feasibility": true
      },
      "ch 2": {
        "value": -2.540430841690977E-6,
        "Feasibility": true
      },
      "ch 3": {
        "value": 5.167577000975143E-6,
        "Feasibility": true
      },
      "ch 4": {
        "value": 3.802617356996052E-6,
        "Feasibility": true
      },
      "ch 5": {
        "value": 7.576329153380357E-6,
        "Feasibility": true
      },
      "ch 6": {
        "value": -1.8980967979587149E-6,
        "Feasibility": true
      }
    }
}